"","x"
"1","open"
"2","closed"
"3","open"
"4","open"
"5","open"
"6","closed"
"7","open"
"8","open"
"9","closed"
"10","closed"
"11","open"
"12","closed"
"13","open"
"14","closed"
"15","open"
"16","open"
"17","open"
"18","open"
"19","open"
"20","closed"
"21","open"
"22","open"
"23","open"
"24","closed"
"25","open"
"26","open"
"27","open"
"28","open"
"29","open"
"30","open"
"31","open"
"32","closed"
"33","open"
"34","open"
"35","open"
"36","open"
"37","open"
"38","open"
"39","open"
"40","closed"
"41","open"
"42","open"
"43","closed"
"44","open"
"45","open"
"46","open"
"47","closed"
"48","closed"
"49","open"
"50","closed"
"51","open"
"52","open"
"53","closed"
"54","open"
"55","open"
"56","open"
"57","open"
"58","closed"
"59","open"
"60","open"
"61","open"
"62","closed"
"63","open"
"64","open"
"65","open"
"66","open"
"67","open"
"68","open"
"69","open"
"70","open"
"71","open"
"72","open"
"73","open"
"74","closed"
"75","open"
"76","open"
"77","open"
"78","closed"
"79","open"
"80","open"
"81","closed"
"82","open"
"83","open"
"84","open"
"85","open"
"86","open"
"87","open"
"88","open"
"89","open"
"90","open"
"91","open"
"92","closed"
"93","open"
"94","open"
"95","closed"
"96","open"
"97","open"
"98","open"
"99","open"
"100","open"
"101","open"
"102","open"
"103","open"
"104","open"
"105","open"
"106","open"
"107","open"
"108","open"
"109","open"
"110","open"
"111","closed"
"112","open"
"113","open"
"114","closed"
"115","open"
"116","open"
"117","closed"
"118","open"
"119","open"
"120","closed"
"121","closed"
"122","open"
"123","closed"
"124","open"
"125","open"
"126","open"
"127","open"
"128","open"
"129","open"
"130","open"
"131","open"
"132","open"
"133","open"
"134","open"
"135","open"
"136","closed"
"137","open"
"138","open"
"139","open"
"140","open"
"141","open"
"142","open"
"143","open"
"144","open"
"145","open"
"146","closed"
"147","open"
"148","open"
"149","open"
"150","open"
"151","open"
"152","open"
"153","closed"
"154","open"
"155","open"
"156","open"
"157","open"
"158","closed"
"159","open"
"160","open"
"161","open"
"162","open"
"163","open"
"164","open"
"165","open"
"166","open"
"167","open"
"168","open"
"169","open"
"170","open"
"171","open"
"172","open"
"173","open"
"174","open"
"175","open"
"176","open"
"177","open"
"178","open"
"179","open"
"180","open"
"181","open"
"182","closed"
"183","open"
"184","open"
"185","open"
"186","closed"
"187","open"
"188","open"
"189","open"
"190","open"
"191","open"
"192","open"
"193","open"
"194","closed"
"195","open"
"196","open"
"197","open"
"198","open"
"199","open"
"200","open"
"201","closed"
"202","closed"
"203","open"
"204","open"
"205","open"
"206","open"
"207","closed"
"208","open"
"209","open"
"210","open"
"211","open"
"212","closed"
"213","open"
"214","open"
"215","open"
"216","open"
"217","open"
"218","closed"
"219","open"
"220","open"
"221","open"
"222","open"
"223","open"
"224","closed"
"225","closed"
"226","open"
"227","open"
"228","open"
"229","open"
"230","open"
"231","open"
"232","open"
"233","open"
"234","open"
"235","closed"
"236","open"
"237","closed"
"238","open"
"239","open"
"240","closed"
"241","open"
"242","open"
"243","open"
"244","open"
"245","open"
"246","open"
"247","closed"
"248","open"
"249","open"
"250","open"
"251","open"
"252","open"
"253","closed"
"254","closed"
"255","open"
"256","closed"
"257","open"
"258","open"
"259","open"
"260","open"
"261","open"
"262","open"
"263","open"
"264","open"
"265","open"
"266","open"
"267","closed"
"268","open"
"269","open"
"270","open"
"271","open"
"272","open"
"273","open"
"274","closed"
"275","open"
"276","open"
"277","open"
"278","open"
"279","open"
"280","open"
"281","open"
"282","open"
"283","open"
"284","open"
"285","open"
"286","open"
"287","open"
"288","open"
"289","open"
"290","closed"
"291","open"
"292","open"
"293","closed"
"294","open"
"295","open"
"296","open"
"297","open"
"298","open"
"299","open"
"300","open"
"301","open"
"302","open"
"303","closed"
"304","closed"
"305","open"
"306","open"
"307","open"
"308","open"
"309","open"
"310","open"
"311","open"
"312","open"
"313","open"
"314","open"
"315","open"
"316","open"
"317","open"
"318","open"
"319","open"
"320","open"
"321","open"
"322","open"
"323","open"
"324","open"
"325","open"
"326","open"
"327","closed"
"328","closed"
"329","open"
"330","open"
"331","open"
"332","open"
"333","open"
"334","open"
"335","open"
"336","closed"
"337","closed"
"338","closed"
"339","open"
"340","open"
"341","open"
"342","open"
"343","open"
"344","open"
"345","open"
"346","closed"
"347","open"
"348","open"
"349","open"
"350","closed"
"351","open"
"352","open"
"353","open"
"354","open"
"355","open"
"356","open"
"357","open"
"358","open"
"359","open"
"360","open"
"361","open"
"362","open"
"363","open"
"364","open"
"365","open"
"366","open"
"367","closed"
"368","closed"
"369","open"
"370","closed"
"371","open"
"372","open"
"373","closed"
"374","open"
"375","open"
"376","closed"
"377","open"
"378","open"
"379","closed"
"380","open"
"381","open"
"382","open"
"383","open"
"384","open"
"385","closed"
"386","open"
"387","open"
"388","open"
"389","open"
"390","closed"
"391","open"
"392","open"
"393","open"
"394","open"
"395","closed"
"396","open"
"397","open"
"398","open"
"399","open"
"400","open"
"401","closed"
"402","open"
"403","open"
"404","closed"
"405","open"
"406","open"
"407","open"
"408","open"
"409","open"
"410","closed"
"411","open"
"412","open"
"413","open"
"414","closed"
"415","open"
"416","open"
"417","open"
"418","open"
"419","open"
"420","open"
"421","open"
"422","open"
"423","open"
"424","open"
"425","open"
"426","open"
"427","open"
"428","open"
"429","closed"
"430","open"
"431","open"
"432","open"
"433","open"
"434","open"
"435","open"
"436","open"
"437","open"
"438","open"
"439","open"
"440","closed"
"441","open"
"442","closed"
"443","open"
"444","open"
"445","open"
"446","open"
"447","open"
"448","closed"
"449","open"
"450","open"
"451","open"
"452","open"
"453","open"
"454","open"
"455","open"
"456","open"
"457","closed"
"458","open"
"459","open"
"460","open"
"461","closed"
"462","open"
"463","open"
"464","closed"
"465","open"
"466","open"
"467","open"
"468","open"
"469","open"
"470","open"
"471","open"
"472","open"
"473","open"
"474","open"
"475","open"
"476","open"
"477","open"
"478","open"
"479","closed"
"480","open"
"481","open"
"482","open"
"483","open"
"484","open"
"485","open"
"486","open"
"487","open"
"488","closed"
"489","closed"
"490","closed"
"491","open"
"492","open"
"493","open"
"494","closed"
"495","open"
"496","closed"
"497","open"
"498","open"
"499","open"
"500","open"
"501","open"
"502","open"
"503","open"
"504","open"
"505","open"
"506","open"
"507","open"
"508","open"
"509","closed"
"510","closed"
"511","open"
"512","open"
"513","closed"
"514","open"
"515","open"
"516","open"
"517","open"
"518","open"
"519","closed"
"520","open"
"521","open"
"522","open"
"523","open"
"524","open"
"525","open"
"526","open"
"527","open"
"528","open"
"529","closed"
"530","open"
"531","open"
"532","open"
"533","open"
"534","open"
"535","open"
"536","open"
"537","closed"
"538","open"
"539","open"
"540","open"
"541","open"
"542","open"
"543","open"
"544","open"
"545","open"
"546","open"
"547","open"
"548","open"
"549","closed"
"550","open"
"551","open"
"552","open"
"553","open"
"554","open"
"555","closed"
"556","open"
"557","open"
"558","closed"
"559","open"
"560","open"
"561","open"
"562","open"
"563","open"
"564","open"
"565","open"
"566","open"
"567","open"
"568","open"
"569","open"
"570","open"
"571","open"
"572","open"
"573","open"
"574","open"
"575","open"
"576","open"
"577","open"
"578","open"
"579","open"
"580","open"
"581","open"
"582","open"
"583","open"
"584","open"
"585","open"
"586","open"
"587","open"
"588","closed"
"589","open"
"590","open"
"591","open"
"592","open"
"593","open"
"594","open"
"595","closed"
"596","closed"
"597","open"
"598","open"
"599","open"
"600","closed"
"601","open"
"602","closed"
"603","open"
"604","open"
"605","open"
"606","open"
"607","open"
"608","open"
"609","closed"
"610","open"
"611","open"
"612","open"
"613","open"
"614","open"
"615","open"
"616","closed"
"617","open"
"618","open"
"619","open"
"620","closed"
"621","closed"
"622","open"
"623","open"
"624","open"
"625","open"
"626","open"
"627","open"
"628","open"
"629","open"
"630","open"
"631","open"
"632","open"
"633","closed"
"634","open"
"635","open"
"636","open"
"637","open"
"638","open"
"639","open"
"640","open"
"641","open"
"642","open"
"643","open"
"644","open"
"645","open"
"646","open"
"647","open"
"648","open"
"649","open"
"650","open"
"651","closed"
"652","open"
"653","open"
"654","open"
"655","open"
"656","open"
"657","open"
"658","open"
"659","open"
"660","open"
"661","open"
"662","open"
"663","open"
"664","open"
"665","open"
"666","closed"
"667","closed"
"668","open"
"669","open"
"670","open"
"671","closed"
"672","open"
"673","closed"
"674","open"
"675","open"
"676","open"
"677","open"
"678","open"
"679","open"
"680","open"
"681","open"
"682","closed"
"683","closed"
"684","closed"
"685","open"
"686","open"
"687","open"
"688","open"
"689","open"
"690","open"
"691","open"
"692","open"
"693","open"
"694","open"
"695","closed"
"696","open"
"697","open"
"698","open"
"699","open"
"700","closed"
"701","open"
"702","open"
"703","closed"
"704","open"
"705","open"
"706","closed"
"707","open"
"708","open"
"709","open"
"710","open"
"711","open"
"712","open"
"713","open"
"714","closed"
"715","open"
"716","open"
"717","open"
"718","open"
"719","open"
"720","open"
"721","open"
"722","open"
"723","open"
"724","open"
"725","open"
"726","open"
"727","closed"
"728","open"
"729","open"
"730","open"
"731","open"
"732","open"
"733","open"
"734","closed"
"735","open"
"736","open"
"737","open"
"738","closed"
"739","open"
"740","open"
"741","open"
"742","closed"
"743","open"
"744","open"
"745","open"
"746","open"
"747","closed"
"748","open"
"749","open"
"750","open"
"751","open"
"752","open"
"753","open"
"754","closed"
"755","open"
"756","open"
"757","open"
"758","closed"
"759","open"
"760","closed"
"761","closed"
"762","open"
"763","open"
"764","open"
"765","open"
"766","closed"
"767","open"
"768","open"
"769","open"
"770","open"
"771","open"
"772","open"
"773","open"
"774","open"
"775","open"
"776","open"
"777","open"
"778","open"
"779","open"
"780","open"
"781","open"
"782","open"
"783","open"
"784","open"
"785","open"
"786","closed"
"787","open"
"788","open"
"789","open"
"790","open"
"791","open"
"792","closed"
"793","open"
"794","open"
"795","open"
"796","open"
"797","open"
"798","open"
"799","open"
"800","closed"
"801","open"
"802","open"
"803","open"
"804","open"
"805","open"
"806","open"
"807","open"
"808","closed"
"809","closed"
"810","open"
"811","open"
"812","open"
"813","open"
"814","open"
"815","open"
"816","open"
"817","closed"
"818","open"
"819","open"
"820","open"
"821","open"
"822","open"
"823","open"
"824","open"
"825","open"
"826","open"
"827","open"
"828","open"
"829","closed"
"830","closed"
"831","open"
"832","open"
"833","open"
"834","open"
"835","open"
"836","open"
"837","open"
"838","open"
"839","open"
"840","open"
"841","open"
"842","closed"
"843","open"
"844","open"
"845","open"
"846","open"
"847","closed"
"848","open"
"849","open"
"850","open"
"851","open"
"852","open"
"853","open"
"854","closed"
"855","open"
"856","open"
"857","open"
"858","open"
"859","open"
"860","open"
"861","open"
"862","open"
"863","open"
"864","closed"
"865","closed"
"866","open"
"867","open"
"868","open"
"869","open"
"870","open"
"871","open"
"872","open"
"873","closed"
"874","open"
"875","open"
"876","open"
"877","open"
"878","closed"
"879","open"
"880","open"
"881","open"
"882","open"
"883","open"
"884","open"
"885","open"
"886","open"
"887","open"
"888","open"
"889","open"
"890","open"
"891","open"
"892","open"
"893","open"
"894","open"
"895","open"
"896","closed"
"897","closed"
"898","open"
"899","open"
"900","open"
"901","open"
"902","open"
"903","closed"
"904","open"
"905","open"
"906","closed"
"907","closed"
"908","open"
"909","open"
"910","open"
"911","open"
"912","open"
"913","open"
"914","closed"
"915","open"
"916","open"
"917","open"
"918","open"
"919","closed"
"920","closed"
"921","open"
"922","closed"
"923","open"
"924","open"
"925","open"
"926","open"
"927","open"
"928","open"
"929","closed"
"930","open"
"931","closed"
"932","closed"
"933","open"
"934","open"
"935","open"
"936","closed"
"937","open"
"938","closed"
"939","closed"
"940","open"
"941","open"
"942","open"
"943","open"
"944","open"
"945","open"
"946","open"
"947","open"
"948","open"
"949","open"
"950","open"
"951","open"
"952","open"
"953","open"
"954","open"
"955","open"
"956","open"
"957","open"
"958","open"
"959","closed"
"960","open"
"961","open"
"962","open"
"963","closed"
"964","open"
"965","open"
"966","open"
"967","open"
"968","open"
"969","open"
"970","closed"
"971","open"
"972","open"
"973","open"
"974","closed"
"975","closed"
"976","open"
"977","open"
"978","open"
"979","open"
"980","closed"
"981","open"
"982","open"
"983","open"
"984","closed"
"985","closed"
"986","open"
"987","open"
"988","open"
"989","open"
"990","open"
"991","open"
"992","open"
"993","open"
"994","open"
"995","open"
"996","open"
"997","open"
"998","open"
"999","open"
"1000","open"
"1001","open"
"1002","open"
"1003","open"
"1004","open"
"1005","open"
"1006","open"
"1007","open"
"1008","open"
"1009","open"
"1010","closed"
"1011","closed"
"1012","open"
"1013","open"
"1014","open"
"1015","closed"
"1016","open"
"1017","open"
"1018","closed"
"1019","open"
"1020","open"
"1021","closed"
"1022","open"
"1023","open"
"1024","open"
"1025","open"
"1026","open"
"1027","open"
"1028","open"
"1029","open"
"1030","open"
"1031","open"
"1032","open"
"1033","open"
"1034","open"
"1035","open"
"1036","open"
"1037","open"
"1038","open"
"1039","closed"
"1040","open"
"1041","open"
"1042","open"
"1043","open"
"1044","open"
"1045","open"
"1046","closed"
"1047","open"
"1048","open"
"1049","open"
"1050","open"
"1051","open"
"1052","open"
"1053","open"
"1054","open"
"1055","open"
"1056","open"
"1057","open"
"1058","open"
"1059","open"
"1060","closed"
"1061","open"
"1062","open"
"1063","closed"
"1064","open"
"1065","open"
"1066","open"
"1067","open"
"1068","open"
"1069","open"
"1070","closed"
"1071","open"
"1072","open"
"1073","open"
"1074","open"
"1075","closed"
"1076","open"
"1077","open"
"1078","open"
"1079","open"
"1080","open"
"1081","open"
"1082","open"
"1083","open"
"1084","open"
"1085","open"
"1086","open"
"1087","open"
"1088","open"
"1089","open"
"1090","open"
"1091","open"
"1092","open"
"1093","open"
"1094","open"
"1095","open"
"1096","open"
"1097","open"
"1098","open"
"1099","open"
"1100","open"
"1101","open"
"1102","open"
"1103","closed"
"1104","open"
"1105","closed"
"1106","open"
"1107","open"
"1108","open"
"1109","open"
"1110","open"
"1111","open"
"1112","open"
"1113","open"
"1114","open"
"1115","open"
"1116","open"
"1117","open"
"1118","open"
"1119","open"
"1120","open"
"1121","open"
"1122","open"
"1123","open"
"1124","open"
"1125","closed"
"1126","open"
"1127","open"
"1128","open"
"1129","open"
"1130","open"
"1131","open"
"1132","open"
"1133","closed"
"1134","open"
"1135","open"
"1136","open"
"1137","open"
"1138","open"
"1139","open"
"1140","open"
"1141","open"
"1142","open"
"1143","open"
"1144","open"
"1145","open"
"1146","open"
"1147","open"
"1148","open"
"1149","closed"
"1150","open"
"1151","open"
"1152","open"
"1153","open"
"1154","open"
"1155","open"
"1156","open"
"1157","open"
"1158","open"
"1159","closed"
"1160","open"
"1161","open"
"1162","open"
"1163","open"
"1164","open"
"1165","open"
"1166","open"
"1167","closed"
"1168","open"
"1169","open"
"1170","open"
"1171","open"
"1172","open"
"1173","open"
"1174","open"
"1175","open"
"1176","open"
"1177","open"
"1178","open"
"1179","open"
"1180","open"
"1181","open"
"1182","open"
"1183","closed"
"1184","open"
"1185","open"
"1186","open"
"1187","open"
"1188","closed"
"1189","open"
"1190","open"
"1191","open"
"1192","open"
"1193","open"
"1194","closed"
"1195","open"
"1196","open"
"1197","closed"
"1198","open"
"1199","open"
"1200","open"
"1201","open"
"1202","open"
"1203","open"
"1204","open"
"1205","open"
"1206","open"
"1207","open"
"1208","closed"
"1209","open"
"1210","open"
"1211","open"
"1212","closed"
"1213","closed"
"1214","open"
"1215","open"
"1216","open"
"1217","open"
"1218","open"
"1219","open"
"1220","closed"
"1221","open"
"1222","open"
"1223","open"
"1224","open"
"1225","open"
"1226","open"
"1227","open"
"1228","open"
"1229","open"
"1230","open"
"1231","open"
"1232","open"
"1233","open"
"1234","open"
"1235","open"
"1236","closed"
"1237","open"
"1238","open"
"1239","closed"
"1240","open"
"1241","open"
"1242","open"
"1243","open"
"1244","open"
"1245","open"
"1246","open"
"1247","open"
"1248","open"
"1249","open"
"1250","open"
"1251","open"
"1252","open"
"1253","open"
"1254","open"
"1255","closed"
"1256","open"
"1257","closed"
"1258","open"
"1259","open"
"1260","open"
"1261","open"
"1262","closed"
"1263","closed"
"1264","open"
"1265","open"
"1266","open"
"1267","open"
"1268","open"
"1269","open"
"1270","open"
"1271","open"
"1272","open"
"1273","open"
"1274","open"
"1275","open"
"1276","open"
"1277","open"
"1278","closed"
"1279","open"
"1280","open"
"1281","open"
"1282","open"
"1283","open"
"1284","open"
"1285","open"
"1286","open"
"1287","closed"
"1288","open"
"1289","open"
"1290","closed"
"1291","open"
"1292","open"
"1293","open"
"1294","open"
"1295","open"
"1296","open"
"1297","open"
"1298","open"
"1299","closed"
"1300","closed"
"1301","open"
"1302","open"
"1303","open"
"1304","closed"
"1305","open"
"1306","open"
"1307","open"
"1308","closed"
"1309","open"
"1310","closed"
"1311","open"
"1312","closed"
"1313","open"
"1314","open"
"1315","open"
"1316","closed"
"1317","open"
"1318","closed"
"1319","open"
"1320","open"
"1321","open"
"1322","open"
"1323","open"
"1324","open"
"1325","open"
"1326","open"
"1327","open"
"1328","open"
"1329","open"
"1330","open"
"1331","open"
"1332","open"
"1333","closed"
"1334","open"
"1335","open"
"1336","open"
"1337","open"
"1338","closed"
"1339","open"
"1340","closed"
"1341","open"
"1342","open"
"1343","open"
"1344","open"
"1345","closed"
"1346","closed"
"1347","open"
"1348","open"
"1349","closed"
"1350","open"
"1351","open"
"1352","open"
"1353","open"
"1354","closed"
"1355","open"
"1356","open"
"1357","open"
"1358","open"
"1359","open"
"1360","open"
"1361","open"
"1362","open"
"1363","open"
"1364","open"
"1365","open"
"1366","open"
"1367","open"
"1368","open"
"1369","open"
"1370","open"
"1371","open"
"1372","open"
"1373","open"
"1374","open"
"1375","open"
"1376","open"
"1377","open"
"1378","open"
"1379","closed"
"1380","open"
"1381","open"
"1382","open"
"1383","closed"
"1384","open"
"1385","open"
"1386","closed"
"1387","open"
"1388","open"
"1389","open"
"1390","open"
"1391","closed"
"1392","open"
"1393","open"
"1394","open"
"1395","open"
"1396","open"
"1397","open"
"1398","open"
"1399","open"
"1400","open"
"1401","open"
"1402","open"
"1403","open"
"1404","open"
"1405","open"
"1406","open"
"1407","open"
"1408","open"
"1409","open"
"1410","open"
"1411","open"
"1412","open"
"1413","closed"
"1414","open"
"1415","open"
"1416","open"
"1417","open"
"1418","closed"
"1419","open"
"1420","open"
"1421","closed"
"1422","open"
"1423","open"
"1424","open"
"1425","closed"
"1426","closed"
"1427","open"
"1428","closed"
"1429","closed"
"1430","open"
"1431","open"
"1432","open"
"1433","open"
"1434","open"
"1435","open"
"1436","closed"
"1437","open"
"1438","open"
"1439","open"
"1440","open"
"1441","open"
"1442","closed"
"1443","open"
"1444","open"
"1445","open"
"1446","open"
"1447","open"
"1448","open"
"1449","closed"
"1450","open"
"1451","open"
"1452","open"
"1453","open"
"1454","open"
"1455","open"
"1456","closed"
"1457","open"
"1458","open"
"1459","open"
"1460","open"
"1461","open"
"1462","closed"
"1463","open"
"1464","closed"
"1465","open"
"1466","open"
"1467","open"
"1468","open"
"1469","open"
"1470","closed"
"1471","closed"
"1472","open"
"1473","open"
"1474","open"
"1475","open"
"1476","open"
"1477","open"
"1478","open"
"1479","open"
"1480","open"
"1481","open"
"1482","closed"
"1483","closed"
"1484","open"
"1485","closed"
"1486","open"
"1487","open"
"1488","open"
"1489","open"
"1490","open"
"1491","open"
"1492","open"
"1493","open"
"1494","open"
"1495","open"
"1496","open"
"1497","open"
"1498","open"
"1499","closed"
"1500","open"
"1501","open"
"1502","open"
"1503","open"
"1504","open"
"1505","open"
"1506","open"
"1507","open"
"1508","open"
"1509","open"
"1510","open"
"1511","open"
"1512","open"
"1513","open"
"1514","open"
"1515","open"
"1516","open"
"1517","open"
"1518","closed"
"1519","open"
"1520","closed"
"1521","open"
"1522","open"
"1523","closed"
"1524","open"
"1525","open"
"1526","open"
"1527","open"
"1528","open"
"1529","closed"
"1530","open"
"1531","open"
"1532","open"
"1533","closed"
"1534","open"
"1535","closed"
"1536","closed"
"1537","closed"
"1538","open"
"1539","open"
"1540","open"
"1541","open"
"1542","closed"
"1543","open"
"1544","closed"
"1545","open"
"1546","closed"
"1547","closed"
"1548","open"
"1549","open"
"1550","closed"
"1551","open"
"1552","open"
"1553","open"
"1554","open"
"1555","open"
"1556","open"
"1557","open"
"1558","open"
"1559","open"
"1560","open"
"1561","open"
"1562","open"
"1563","open"
"1564","closed"
"1565","open"
"1566","open"
"1567","open"
"1568","open"
"1569","closed"
"1570","open"
"1571","open"
"1572","open"
"1573","open"
"1574","open"
"1575","open"
"1576","open"
"1577","open"
"1578","open"
"1579","open"
"1580","open"
"1581","open"
"1582","open"
"1583","closed"
"1584","open"
"1585","closed"
"1586","open"
"1587","open"
"1588","open"
"1589","open"
"1590","open"
"1591","open"
"1592","open"
"1593","open"
"1594","open"
"1595","open"
"1596","open"
"1597","open"
"1598","open"
"1599","open"
"1600","open"
"1601","closed"
"1602","open"
"1603","open"
"1604","open"
"1605","closed"
"1606","open"
"1607","open"
"1608","open"
"1609","open"
"1610","open"
"1611","open"
"1612","open"
"1613","open"
"1614","open"
"1615","open"
"1616","open"
"1617","open"
"1618","open"
"1619","closed"
"1620","open"
"1621","open"
"1622","open"
"1623","closed"
"1624","open"
"1625","open"
"1626","open"
"1627","open"
"1628","open"
"1629","closed"
"1630","open"
"1631","closed"
"1632","open"
"1633","open"
"1634","closed"
"1635","closed"
"1636","closed"
"1637","open"
"1638","open"
"1639","open"
"1640","open"
"1641","open"
"1642","open"
"1643","open"
"1644","closed"
"1645","closed"
"1646","open"
"1647","closed"
"1648","open"
"1649","open"
"1650","open"
"1651","open"
"1652","closed"
"1653","closed"
"1654","open"
"1655","open"
"1656","closed"
"1657","open"
"1658","open"
"1659","open"
"1660","open"
"1661","open"
"1662","open"
"1663","open"
"1664","open"
"1665","open"
"1666","open"
"1667","open"
"1668","open"
"1669","open"
"1670","open"
"1671","open"
"1672","open"
"1673","open"
"1674","open"
"1675","open"
"1676","open"
"1677","open"
"1678","open"
"1679","open"
"1680","open"
"1681","open"
"1682","open"
"1683","open"
"1684","open"
"1685","open"
"1686","open"
"1687","open"
"1688","open"
"1689","open"
"1690","closed"
"1691","open"
"1692","open"
"1693","open"
"1694","open"
"1695","open"
"1696","open"
"1697","open"
"1698","closed"
"1699","closed"
"1700","open"
"1701","open"
"1702","open"
"1703","open"
"1704","open"
"1705","open"
"1706","open"
"1707","open"
"1708","open"
"1709","closed"
"1710","open"
"1711","open"
"1712","open"
"1713","open"
"1714","open"
"1715","closed"
"1716","open"
"1717","open"
"1718","open"
"1719","open"
"1720","open"
"1721","closed"
"1722","open"
"1723","open"
"1724","closed"
"1725","open"
"1726","open"
"1727","open"
"1728","open"
"1729","open"
"1730","open"
"1731","closed"
"1732","open"
"1733","open"
"1734","open"
"1735","open"
"1736","closed"
"1737","open"
"1738","closed"
"1739","open"
"1740","open"
"1741","open"
"1742","open"
"1743","open"
"1744","open"
"1745","closed"
"1746","open"
"1747","open"
"1748","open"
"1749","open"
"1750","open"
"1751","open"
"1752","open"
"1753","open"
"1754","open"
"1755","open"
"1756","closed"
"1757","open"
"1758","open"
"1759","open"
"1760","open"
"1761","closed"
"1762","open"
"1763","open"
"1764","closed"
"1765","closed"
"1766","open"
"1767","open"
"1768","open"
"1769","open"
"1770","closed"
"1771","open"
"1772","open"
"1773","open"
"1774","open"
"1775","open"
"1776","closed"
"1777","open"
"1778","closed"
"1779","open"
"1780","open"
"1781","open"
"1782","open"
"1783","open"
"1784","open"
"1785","open"
"1786","open"
"1787","open"
"1788","open"
"1789","open"
"1790","open"
"1791","open"
"1792","open"
"1793","open"
"1794","open"
"1795","open"
"1796","closed"
"1797","open"
"1798","open"
"1799","open"
"1800","open"
"1801","open"
"1802","open"
"1803","open"
"1804","open"
"1805","open"
"1806","open"
"1807","open"
"1808","open"
"1809","closed"
"1810","open"
"1811","open"
"1812","open"
"1813","open"
"1814","open"
"1815","open"
"1816","open"
"1817","open"
"1818","open"
"1819","open"
"1820","open"
"1821","open"
"1822","open"
"1823","open"
"1824","open"
"1825","open"
"1826","closed"
"1827","open"
"1828","closed"
"1829","open"
"1830","closed"
"1831","open"
"1832","open"
"1833","open"
"1834","open"
"1835","open"
"1836","open"
"1837","open"
"1838","open"
"1839","open"
"1840","open"
"1841","open"
"1842","open"
"1843","open"
"1844","open"
"1845","closed"
"1846","open"
"1847","closed"
"1848","closed"
"1849","open"
"1850","closed"
"1851","open"
"1852","open"
"1853","open"
"1854","open"
"1855","open"
"1856","open"
"1857","open"
"1858","closed"
"1859","open"
"1860","open"
"1861","open"
"1862","open"
"1863","open"
"1864","open"
"1865","open"
"1866","open"
"1867","open"
"1868","open"
"1869","open"
"1870","closed"
"1871","open"
"1872","closed"
"1873","closed"
"1874","open"
"1875","open"
"1876","open"
"1877","open"
"1878","open"
"1879","open"
"1880","closed"
"1881","open"
"1882","open"
"1883","open"
"1884","open"
"1885","open"
"1886","open"
"1887","open"
"1888","open"
"1889","open"
"1890","open"
"1891","open"
"1892","open"
"1893","closed"
"1894","open"
"1895","open"
"1896","open"
"1897","open"
"1898","open"
"1899","open"
"1900","open"
"1901","open"
"1902","open"
"1903","open"
"1904","open"
"1905","open"
"1906","closed"
"1907","open"
"1908","open"
"1909","open"
"1910","open"
"1911","open"
"1912","open"
"1913","closed"
"1914","closed"
"1915","open"
"1916","open"
"1917","open"
"1918","closed"
"1919","open"
"1920","closed"
"1921","open"
"1922","open"
"1923","open"
"1924","open"
"1925","closed"
"1926","open"
"1927","open"
"1928","open"
"1929","open"
"1930","open"
"1931","open"
"1932","open"
"1933","open"
"1934","closed"
"1935","closed"
"1936","open"
"1937","open"
"1938","open"
"1939","closed"
"1940","open"
"1941","open"
"1942","open"
"1943","open"
"1944","open"
"1945","open"
"1946","open"
"1947","open"
"1948","open"
"1949","open"
"1950","open"
"1951","closed"
"1952","open"
"1953","open"
"1954","open"
"1955","open"
"1956","open"
"1957","open"
"1958","open"
"1959","open"
"1960","open"
"1961","open"
"1962","open"
"1963","open"
"1964","open"
"1965","open"
"1966","open"
"1967","open"
"1968","open"
"1969","open"
"1970","open"
"1971","open"
"1972","open"
"1973","closed"
"1974","open"
"1975","closed"
"1976","closed"
"1977","open"
"1978","open"
"1979","open"
"1980","open"
"1981","open"
"1982","open"
"1983","open"
"1984","open"
"1985","open"
"1986","open"
"1987","open"
"1988","open"
"1989","open"
"1990","closed"
"1991","open"
"1992","closed"
"1993","open"
"1994","open"
"1995","open"
"1996","closed"
"1997","closed"
"1998","open"
"1999","open"
"2000","open"
"2001","open"
"2002","open"
"2003","open"
"2004","open"
"2005","open"
"2006","open"
"2007","closed"
"2008","open"
"2009","open"
"2010","open"
"2011","open"
"2012","open"
"2013","open"
"2014","open"
"2015","open"
"2016","open"
"2017","closed"
"2018","open"
"2019","open"
"2020","open"
"2021","open"
"2022","open"
"2023","open"
"2024","closed"
"2025","open"
"2026","open"
"2027","closed"
"2028","open"
"2029","open"
"2030","open"
"2031","open"
"2032","open"
"2033","open"
"2034","open"
"2035","open"
"2036","open"
"2037","open"
"2038","open"
"2039","open"
"2040","open"
"2041","open"
"2042","open"
"2043","open"
"2044","open"
"2045","open"
"2046","open"
"2047","open"
"2048","open"
"2049","open"
"2050","open"
"2051","open"
"2052","closed"
"2053","closed"
"2054","open"
"2055","open"
"2056","closed"
"2057","closed"
"2058","open"
"2059","closed"
"2060","open"
"2061","closed"
"2062","closed"
"2063","closed"
"2064","open"
"2065","open"
"2066","open"
"2067","open"
"2068","open"
"2069","open"
"2070","open"
"2071","open"
"2072","open"
"2073","open"
"2074","open"
"2075","closed"
"2076","open"
"2077","open"
"2078","open"
"2079","closed"
"2080","open"
"2081","open"
"2082","open"
"2083","open"
"2084","open"
"2085","open"
"2086","open"
"2087","open"
"2088","open"
"2089","open"
"2090","closed"
"2091","open"
"2092","open"
"2093","open"
"2094","open"
"2095","open"
"2096","open"
"2097","open"
"2098","open"
"2099","open"
"2100","open"
"2101","open"
"2102","open"
"2103","open"
"2104","open"
"2105","open"
"2106","open"
"2107","open"
"2108","open"
"2109","open"
"2110","closed"
"2111","closed"
"2112","open"
"2113","open"
"2114","open"
"2115","closed"
"2116","open"
"2117","open"
"2118","open"
"2119","open"
"2120","open"
"2121","open"
"2122","closed"
"2123","open"
"2124","open"
"2125","open"
"2126","closed"
"2127","open"
"2128","closed"
"2129","open"
"2130","open"
"2131","open"
"2132","closed"
"2133","open"
"2134","closed"
"2135","closed"
"2136","open"
"2137","closed"
"2138","closed"
"2139","closed"
"2140","open"
"2141","open"
"2142","open"
"2143","open"
"2144","closed"
"2145","open"
"2146","open"
"2147","open"
"2148","closed"
"2149","open"
"2150","closed"
"2151","open"
"2152","open"
"2153","open"
"2154","open"
"2155","open"
"2156","open"
"2157","open"
"2158","open"
"2159","open"
"2160","open"
"2161","open"
"2162","open"
"2163","open"
"2164","open"
"2165","closed"
"2166","open"
"2167","open"
"2168","open"
"2169","open"
"2170","closed"
"2171","closed"
"2172","open"
"2173","open"
"2174","open"
"2175","open"
"2176","open"
"2177","open"
"2178","open"
"2179","open"
"2180","open"
"2181","open"
"2182","open"
"2183","open"
"2184","open"
"2185","closed"
"2186","open"
"2187","open"
"2188","open"
"2189","closed"
"2190","open"
"2191","open"
"2192","closed"
"2193","open"
"2194","open"
"2195","open"
"2196","open"
"2197","open"
"2198","closed"
"2199","open"
"2200","open"
"2201","open"
"2202","open"
"2203","closed"
"2204","closed"
"2205","open"
"2206","open"
"2207","open"
"2208","open"
"2209","open"
"2210","open"
"2211","open"
"2212","open"
"2213","open"
"2214","open"
"2215","open"
"2216","open"
"2217","open"
"2218","closed"
"2219","open"
"2220","open"
"2221","open"
"2222","open"
"2223","closed"
"2224","open"
"2225","open"
"2226","closed"
"2227","open"
"2228","open"
"2229","closed"
"2230","open"
"2231","open"
"2232","open"
"2233","open"
"2234","open"
"2235","closed"
"2236","open"
"2237","open"
"2238","open"
"2239","open"
"2240","open"
"2241","open"
"2242","open"
"2243","open"
"2244","open"
"2245","open"
"2246","open"
"2247","closed"
"2248","open"
"2249","open"
"2250","open"
"2251","open"
"2252","closed"
"2253","closed"
"2254","open"
"2255","open"
"2256","closed"
"2257","open"
"2258","closed"
"2259","open"
"2260","closed"
"2261","closed"
"2262","closed"
"2263","open"
"2264","open"
"2265","closed"
"2266","open"
"2267","open"
"2268","open"
"2269","open"
"2270","open"
"2271","open"
"2272","closed"
"2273","open"
"2274","open"
"2275","open"
"2276","closed"
"2277","open"
"2278","open"
"2279","open"
"2280","open"
"2281","open"
"2282","open"
"2283","open"
"2284","open"
"2285","closed"
"2286","open"
"2287","open"
"2288","open"
"2289","open"
"2290","open"
"2291","open"
"2292","open"
"2293","open"
"2294","open"
"2295","open"
"2296","open"
"2297","closed"
"2298","open"
"2299","open"
"2300","open"
"2301","open"
"2302","open"
"2303","open"
"2304","open"
"2305","closed"
"2306","closed"
"2307","open"
"2308","open"
"2309","open"
"2310","open"
"2311","open"
"2312","open"
"2313","open"
"2314","open"
"2315","open"
"2316","open"
"2317","open"
"2318","open"
"2319","open"
"2320","open"
"2321","closed"
"2322","open"
"2323","closed"
"2324","open"
"2325","open"
"2326","open"
"2327","open"
"2328","open"
"2329","closed"
"2330","open"
"2331","open"
"2332","closed"
"2333","open"
"2334","open"
"2335","open"
"2336","open"
"2337","open"
"2338","open"
"2339","open"
"2340","open"
"2341","closed"
"2342","open"
"2343","open"
"2344","open"
"2345","open"
"2346","closed"
"2347","open"
"2348","open"
"2349","open"
"2350","open"
"2351","open"
"2352","open"
"2353","open"
"2354","closed"
"2355","open"
"2356","open"
"2357","open"
"2358","open"
"2359","open"
"2360","open"
"2361","open"
"2362","open"
"2363","open"
"2364","open"
"2365","open"
"2366","open"
"2367","open"
"2368","open"
"2369","open"
"2370","open"
"2371","open"
"2372","open"
"2373","open"
"2374","open"
"2375","open"
"2376","open"
"2377","closed"
"2378","open"
"2379","open"
"2380","open"
"2381","open"
"2382","open"
"2383","open"
"2384","open"
"2385","open"
"2386","open"
"2387","open"
"2388","closed"
"2389","closed"
"2390","open"
"2391","open"
"2392","closed"
"2393","open"
"2394","open"
"2395","open"
"2396","open"
"2397","closed"
"2398","open"
"2399","open"
"2400","closed"
"2401","closed"
"2402","open"
"2403","open"
"2404","open"
"2405","open"
"2406","open"
"2407","open"
"2408","open"
"2409","open"
"2410","closed"
"2411","open"
"2412","open"
"2413","closed"
"2414","closed"
"2415","closed"
"2416","open"
"2417","closed"
"2418","open"
"2419","open"
"2420","open"
"2421","open"
"2422","open"
"2423","open"
"2424","open"
"2425","open"
"2426","closed"
"2427","open"
"2428","open"
"2429","closed"
"2430","open"
"2431","open"
"2432","open"
"2433","open"
"2434","open"
"2435","open"
"2436","open"
"2437","open"
"2438","open"
"2439","open"
"2440","open"
"2441","open"
"2442","open"
"2443","closed"
"2444","open"
"2445","open"
"2446","open"
"2447","open"
"2448","open"
"2449","open"
"2450","open"
"2451","open"
"2452","closed"
"2453","open"
"2454","open"
"2455","open"
"2456","closed"
"2457","closed"
"2458","closed"
"2459","closed"
"2460","open"
"2461","open"
"2462","open"
"2463","open"
"2464","open"
"2465","closed"
"2466","open"
"2467","closed"
"2468","open"
"2469","open"
"2470","open"
"2471","closed"
"2472","open"
"2473","open"
"2474","open"
"2475","open"
"2476","open"
"2477","open"
"2478","open"
"2479","open"
"2480","open"
"2481","open"
"2482","open"
"2483","open"
"2484","open"
"2485","open"
"2486","open"
"2487","open"
"2488","open"
"2489","open"
"2490","open"
"2491","open"
"2492","open"
"2493","open"
"2494","open"
"2495","open"
"2496","open"
"2497","open"
"2498","closed"
"2499","open"
"2500","closed"
"2501","open"
"2502","open"
"2503","open"
"2504","open"
"2505","open"
"2506","closed"
"2507","open"
"2508","open"
"2509","open"
"2510","open"
"2511","open"
"2512","open"
"2513","open"
"2514","closed"
"2515","open"
"2516","open"
"2517","open"
"2518","open"
"2519","open"
"2520","open"
"2521","closed"
"2522","open"
"2523","open"
"2524","open"
"2525","open"
"2526","open"
"2527","open"
"2528","closed"
"2529","open"
"2530","open"
"2531","open"
"2532","open"
"2533","closed"
"2534","open"
"2535","open"
"2536","open"
"2537","open"
"2538","open"
"2539","open"
"2540","open"
"2541","open"
"2542","open"
"2543","open"
"2544","open"
"2545","open"
"2546","closed"
"2547","open"
"2548","closed"
"2549","open"
"2550","open"
"2551","open"
"2552","closed"
"2553","closed"
"2554","open"
"2555","open"
"2556","open"
"2557","open"
"2558","closed"
"2559","open"
"2560","open"
"2561","open"
"2562","open"
"2563","open"
"2564","open"
"2565","open"
"2566","open"
"2567","open"
"2568","open"
"2569","open"
"2570","closed"
"2571","closed"
"2572","open"
"2573","open"
"2574","open"
"2575","open"
"2576","closed"
"2577","open"
"2578","open"
"2579","open"
"2580","closed"
"2581","open"
"2582","closed"
"2583","open"
"2584","open"
"2585","open"
"2586","open"
"2587","open"
"2588","open"
"2589","open"
"2590","closed"
"2591","open"
"2592","open"
"2593","open"
"2594","open"
"2595","open"
"2596","open"
"2597","open"
"2598","open"
"2599","closed"
"2600","open"
"2601","closed"
"2602","open"
"2603","open"
"2604","open"
"2605","open"
"2606","open"
"2607","open"
"2608","open"
"2609","open"
"2610","open"
"2611","open"
"2612","open"
"2613","open"
"2614","open"
"2615","open"
"2616","closed"
"2617","open"
"2618","open"
"2619","open"
"2620","open"
"2621","open"
"2622","open"
"2623","open"
"2624","open"
"2625","closed"
"2626","open"
"2627","open"
"2628","closed"
"2629","open"
"2630","open"
"2631","open"
"2632","open"
"2633","open"
"2634","open"
"2635","open"
"2636","open"
"2637","closed"
"2638","open"
"2639","open"
"2640","open"
"2641","open"
"2642","open"
"2643","open"
"2644","open"
"2645","open"
"2646","open"
"2647","open"
"2648","open"
"2649","open"
"2650","open"
"2651","open"
"2652","open"
"2653","open"
"2654","open"
"2655","open"
"2656","open"
"2657","open"
"2658","open"
"2659","open"
"2660","open"
"2661","open"
"2662","open"
"2663","closed"
"2664","closed"
"2665","open"
"2666","open"
"2667","open"
"2668","open"
"2669","open"
"2670","open"
"2671","open"
"2672","open"
"2673","open"
"2674","open"
"2675","open"
"2676","open"
"2677","closed"
"2678","open"
"2679","open"
"2680","open"
"2681","open"
"2682","closed"
"2683","open"
"2684","open"
"2685","open"
"2686","open"
"2687","open"
"2688","open"
"2689","open"
"2690","open"
"2691","open"
"2692","open"
"2693","open"
"2694","open"
"2695","open"
"2696","closed"
"2697","open"
"2698","open"
"2699","open"
"2700","open"
"2701","open"
"2702","open"
"2703","open"
"2704","open"
"2705","open"
"2706","open"
"2707","open"
"2708","open"
"2709","open"
"2710","open"
"2711","open"
"2712","open"
"2713","open"
"2714","open"
"2715","open"
"2716","open"
"2717","open"
"2718","open"
"2719","closed"
"2720","open"
"2721","open"
"2722","open"
"2723","open"
"2724","open"
"2725","open"
"2726","open"
"2727","open"
"2728","open"
"2729","open"
"2730","open"
"2731","open"
"2732","open"
"2733","closed"
"2734","open"
"2735","closed"
"2736","open"
"2737","open"
"2738","open"
"2739","open"
"2740","open"
"2741","open"
"2742","open"
"2743","open"
"2744","open"
"2745","open"
"2746","open"
"2747","closed"
"2748","open"
"2749","open"
"2750","open"
"2751","open"
"2752","open"
"2753","open"
"2754","open"
"2755","open"
"2756","open"
"2757","open"
"2758","closed"
"2759","open"
"2760","closed"
"2761","open"
"2762","open"
"2763","open"
"2764","closed"
"2765","open"
"2766","open"
"2767","open"
"2768","closed"
"2769","open"
"2770","closed"
"2771","open"
"2772","open"
"2773","open"
"2774","open"
"2775","open"
"2776","open"
"2777","open"
"2778","open"
"2779","closed"
"2780","open"
"2781","open"
"2782","open"
"2783","open"
"2784","closed"
"2785","closed"
"2786","open"
"2787","open"
"2788","open"
"2789","closed"
"2790","open"
"2791","open"
"2792","open"
"2793","open"
"2794","open"
"2795","closed"
"2796","open"
"2797","open"
"2798","open"
"2799","open"
"2800","closed"
"2801","open"
"2802","open"
"2803","open"
"2804","closed"
"2805","open"
"2806","open"
"2807","open"
"2808","open"
"2809","open"
"2810","open"
"2811","open"
"2812","open"
"2813","open"
"2814","open"
"2815","open"
"2816","open"
"2817","open"
"2818","open"
"2819","open"
"2820","open"
"2821","open"
"2822","closed"
"2823","open"
"2824","open"
"2825","open"
"2826","open"
"2827","open"
"2828","open"
"2829","open"
"2830","open"
"2831","closed"
"2832","open"
"2833","open"
"2834","open"
"2835","open"
"2836","closed"
"2837","open"
"2838","open"
"2839","closed"
"2840","closed"
"2841","open"
"2842","open"
"2843","open"
"2844","open"
"2845","open"
"2846","open"
"2847","open"
"2848","open"
"2849","open"
"2850","open"
"2851","open"
"2852","open"
"2853","open"
"2854","open"
"2855","open"
"2856","closed"
"2857","open"
"2858","open"
"2859","closed"
"2860","open"
"2861","open"
"2862","open"
"2863","open"
"2864","open"
"2865","closed"
"2866","open"
"2867","open"
"2868","open"
"2869","open"
"2870","open"
"2871","open"
"2872","open"
"2873","open"
"2874","closed"
"2875","open"
"2876","open"
"2877","open"
"2878","open"
"2879","open"
"2880","closed"
"2881","closed"
"2882","open"
"2883","open"
"2884","closed"
"2885","open"
"2886","open"
"2887","open"
"2888","open"
"2889","closed"
"2890","open"
"2891","open"
"2892","closed"
"2893","open"
"2894","closed"
"2895","open"
"2896","open"
"2897","open"
"2898","open"
"2899","open"
"2900","open"
"2901","open"
"2902","open"
"2903","open"
"2904","closed"
"2905","closed"
"2906","open"
"2907","closed"
"2908","open"
"2909","open"
"2910","open"
"2911","open"
"2912","open"
"2913","open"
"2914","open"
"2915","open"
"2916","open"
"2917","open"
"2918","open"
"2919","open"
"2920","open"
"2921","open"
"2922","open"
"2923","open"
"2924","closed"
"2925","open"
"2926","open"
"2927","open"
"2928","open"
"2929","open"
"2930","closed"
"2931","open"
"2932","open"
"2933","open"
"2934","open"
"2935","open"
"2936","open"
"2937","closed"
"2938","closed"
"2939","closed"
"2940","closed"
"2941","open"
"2942","open"
"2943","open"
"2944","open"
"2945","closed"
"2946","open"
"2947","open"
"2948","open"
"2949","closed"
"2950","open"
"2951","open"
"2952","open"
"2953","closed"
"2954","closed"
"2955","open"
"2956","open"
"2957","open"
"2958","open"
"2959","closed"
"2960","closed"
"2961","closed"
"2962","closed"
"2963","open"
"2964","open"
"2965","open"
"2966","open"
"2967","open"
"2968","open"
"2969","open"
"2970","open"
"2971","open"
"2972","open"
"2973","open"
"2974","open"
"2975","open"
"2976","open"
"2977","closed"
"2978","closed"
"2979","closed"
"2980","open"
"2981","closed"
"2982","open"
"2983","open"
"2984","open"
"2985","open"
"2986","open"
"2987","open"
"2988","open"
"2989","open"
"2990","open"
"2991","open"
"2992","open"
"2993","open"
"2994","open"
"2995","closed"
"2996","open"
"2997","open"
"2998","open"
"2999","open"
"3000","open"
"3001","open"
"3002","open"
"3003","open"
"3004","open"
"3005","open"
"3006","open"
"3007","open"
"3008","open"
"3009","open"
"3010","closed"
"3011","closed"
"3012","open"
"3013","open"
"3014","open"
"3015","open"
"3016","open"
"3017","closed"
"3018","open"
"3019","open"
"3020","open"
"3021","open"
"3022","open"
"3023","open"
"3024","open"
"3025","open"
"3026","closed"
"3027","open"
"3028","open"
"3029","open"
"3030","closed"
"3031","open"
"3032","closed"
"3033","open"
"3034","open"
"3035","closed"
"3036","open"
"3037","closed"
"3038","open"
"3039","open"
"3040","open"
"3041","open"
"3042","open"
"3043","open"
"3044","closed"
"3045","open"
"3046","open"
"3047","open"
"3048","closed"
"3049","open"
"3050","open"
"3051","closed"
"3052","open"
"3053","open"
"3054","open"
"3055","open"
"3056","open"
"3057","open"
"3058","open"
"3059","closed"
"3060","open"
"3061","closed"
"3062","open"
"3063","open"
"3064","open"
"3065","open"
"3066","open"
"3067","open"
"3068","open"
"3069","open"
"3070","open"
"3071","open"
"3072","open"
"3073","open"
"3074","open"
"3075","closed"
"3076","closed"
"3077","open"
"3078","open"
"3079","open"
"3080","open"
"3081","open"
"3082","open"
"3083","closed"
"3084","closed"
"3085","open"
"3086","open"
"3087","open"
"3088","open"
"3089","closed"
"3090","open"
"3091","open"
"3092","open"
"3093","open"
"3094","closed"
"3095","open"
"3096","open"
"3097","open"
"3098","open"
"3099","open"
"3100","open"
"3101","open"
"3102","closed"
"3103","open"
"3104","open"
"3105","open"
"3106","open"
"3107","open"
"3108","open"
"3109","open"
"3110","closed"
"3111","open"
"3112","closed"
"3113","closed"
"3114","closed"
"3115","open"
"3116","open"
"3117","open"
"3118","open"
"3119","open"
"3120","open"
"3121","open"
"3122","closed"
"3123","open"
"3124","closed"
"3125","open"
"3126","open"
"3127","open"
"3128","open"
"3129","open"
"3130","open"
"3131","open"
"3132","open"
"3133","open"
"3134","open"
"3135","open"
"3136","open"
"3137","open"
"3138","closed"
"3139","open"
"3140","closed"
"3141","open"
"3142","closed"
"3143","open"
"3144","open"
"3145","open"
"3146","open"
"3147","open"
"3148","open"
"3149","open"
"3150","open"
"3151","open"
"3152","open"
"3153","closed"
"3154","open"
"3155","open"
"3156","open"
"3157","closed"
"3158","open"
"3159","open"
"3160","open"
"3161","closed"
"3162","open"
"3163","open"
"3164","closed"
"3165","open"
"3166","open"
"3167","open"
"3168","open"
"3169","open"
"3170","open"
"3171","open"
"3172","open"
"3173","open"
"3174","open"
"3175","open"
"3176","open"
"3177","open"
"3178","closed"
"3179","open"
"3180","open"
"3181","open"
"3182","open"
"3183","open"
"3184","closed"
"3185","open"
"3186","open"
"3187","open"
"3188","open"
"3189","open"
"3190","open"
"3191","open"
"3192","open"
"3193","closed"
"3194","open"
"3195","open"
"3196","open"
"3197","open"
"3198","open"
"3199","closed"
"3200","open"
"3201","open"
"3202","open"
"3203","closed"
"3204","open"
"3205","closed"
"3206","open"
"3207","open"
"3208","open"
"3209","open"
"3210","open"
"3211","open"
"3212","open"
"3213","closed"
"3214","closed"
"3215","open"
"3216","open"
"3217","open"
"3218","open"
"3219","open"
"3220","open"
"3221","open"
"3222","open"
"3223","open"
"3224","open"
"3225","closed"
"3226","open"
"3227","closed"
"3228","closed"
"3229","closed"
"3230","open"
"3231","open"
"3232","open"
"3233","open"
"3234","open"
"3235","open"
"3236","open"
"3237","closed"
"3238","open"
"3239","open"
"3240","closed"
"3241","open"
"3242","open"
"3243","open"
"3244","open"
"3245","open"
"3246","open"
"3247","open"
"3248","open"
"3249","open"
"3250","open"
"3251","open"
"3252","open"
"3253","closed"
"3254","open"
"3255","open"
"3256","open"
"3257","closed"
"3258","open"
"3259","open"
"3260","open"
"3261","closed"
"3262","open"
"3263","closed"
"3264","open"
"3265","open"
"3266","open"
"3267","open"
"3268","open"
"3269","open"
"3270","open"
"3271","closed"
"3272","open"
"3273","open"
"3274","open"
"3275","open"
"3276","open"
"3277","open"
"3278","open"
"3279","open"
"3280","open"
"3281","open"
"3282","closed"
"3283","open"
"3284","open"
"3285","open"
"3286","open"
"3287","open"
"3288","open"
"3289","closed"
"3290","open"
"3291","open"
"3292","open"
"3293","open"
"3294","open"
"3295","closed"
"3296","open"
"3297","open"
"3298","open"
"3299","open"
"3300","open"
"3301","open"
"3302","open"
"3303","open"
"3304","open"
"3305","closed"
"3306","closed"
"3307","closed"
"3308","open"
"3309","open"
"3310","open"
"3311","open"
"3312","closed"
"3313","open"
"3314","open"
"3315","closed"
"3316","open"
"3317","open"
"3318","open"
"3319","open"
"3320","closed"
"3321","closed"
"3322","open"
"3323","open"
"3324","open"
"3325","open"
"3326","open"
"3327","open"
"3328","open"
"3329","open"
"3330","open"
"3331","open"
"3332","open"
"3333","open"
"3334","closed"
"3335","closed"
"3336","open"
"3337","open"
"3338","open"
"3339","open"
"3340","open"
"3341","open"
"3342","open"
"3343","open"
"3344","closed"
"3345","closed"
"3346","closed"
"3347","open"
"3348","open"
"3349","open"
"3350","open"
"3351","open"
"3352","open"
"3353","open"
"3354","open"
"3355","open"
"3356","open"
"3357","open"
"3358","open"
"3359","closed"
"3360","open"
"3361","open"
"3362","open"
"3363","open"
"3364","open"
"3365","open"
"3366","open"
"3367","open"
"3368","open"
"3369","open"
"3370","open"
"3371","open"
"3372","open"
"3373","open"
"3374","open"
"3375","open"
"3376","open"
"3377","open"
"3378","open"
"3379","closed"
"3380","open"
"3381","open"
"3382","open"
"3383","open"
"3384","open"
"3385","open"
"3386","open"
"3387","open"
"3388","open"
"3389","open"
"3390","open"
"3391","closed"
"3392","open"
"3393","open"
"3394","open"
"3395","open"
"3396","open"
"3397","open"
"3398","open"
"3399","open"
"3400","closed"
"3401","open"
"3402","open"
"3403","open"
"3404","open"
"3405","open"
"3406","closed"
"3407","open"
"3408","closed"
"3409","open"
"3410","open"
"3411","closed"
"3412","open"
"3413","open"
"3414","closed"
"3415","open"
"3416","closed"
"3417","open"
"3418","open"
"3419","open"
"3420","open"
"3421","open"
"3422","open"
"3423","closed"
"3424","open"
"3425","open"
"3426","open"
"3427","open"
"3428","open"
"3429","open"
"3430","open"
"3431","open"
"3432","open"
"3433","closed"
"3434","open"
"3435","open"
"3436","open"
"3437","closed"
"3438","open"
"3439","open"
"3440","open"
"3441","open"
"3442","open"
"3443","closed"
"3444","open"
"3445","closed"
"3446","open"
"3447","open"
"3448","closed"
"3449","open"
"3450","open"
"3451","open"
"3452","open"
"3453","open"
"3454","open"
"3455","open"
"3456","open"
"3457","open"
"3458","closed"
"3459","open"
"3460","open"
"3461","open"
"3462","open"
"3463","open"
"3464","open"
"3465","open"
"3466","closed"
"3467","open"
"3468","open"
"3469","open"
"3470","open"
"3471","closed"
"3472","closed"
"3473","open"
"3474","open"
"3475","open"
"3476","closed"
"3477","open"
"3478","open"
"3479","open"
"3480","open"
"3481","open"
"3482","closed"
"3483","open"
"3484","open"
"3485","open"
"3486","open"
"3487","open"
"3488","open"
"3489","open"
"3490","open"
"3491","open"
"3492","open"
"3493","open"
"3494","open"
"3495","open"
"3496","open"
"3497","open"
"3498","open"
"3499","open"
"3500","open"
"3501","open"
"3502","open"
"3503","open"
"3504","open"
"3505","closed"
"3506","closed"
"3507","closed"
"3508","open"
"3509","open"
"3510","open"
"3511","open"
"3512","closed"
"3513","open"
"3514","open"
"3515","open"
"3516","open"
"3517","closed"
"3518","open"
"3519","open"
"3520","open"
"3521","open"
"3522","open"
"3523","closed"
"3524","open"
"3525","closed"
"3526","open"
"3527","open"
"3528","open"
"3529","open"
"3530","closed"
"3531","open"
"3532","open"
"3533","open"
"3534","open"
"3535","closed"
"3536","open"
"3537","open"
"3538","closed"
"3539","open"
"3540","closed"
"3541","open"
"3542","open"
"3543","open"
"3544","open"
"3545","open"
"3546","open"
"3547","open"
"3548","open"
"3549","open"
"3550","open"
"3551","closed"
"3552","open"
"3553","closed"
"3554","open"
"3555","open"
"3556","open"
"3557","open"
"3558","open"
"3559","open"
"3560","open"
"3561","open"
"3562","open"
"3563","open"
"3564","open"
"3565","open"
"3566","open"
"3567","open"
"3568","open"
"3569","open"
"3570","open"
"3571","open"
"3572","closed"
"3573","open"
"3574","open"
"3575","open"
"3576","open"
"3577","open"
"3578","open"
"3579","open"
"3580","open"
"3581","open"
"3582","open"
"3583","open"
"3584","open"
"3585","open"
"3586","closed"
"3587","closed"
"3588","open"
"3589","open"
"3590","open"
"3591","open"
"3592","open"
"3593","open"
"3594","open"
"3595","open"
"3596","open"
"3597","open"
"3598","open"
"3599","open"
"3600","closed"
"3601","open"
"3602","open"
"3603","open"
"3604","open"
"3605","open"
"3606","open"
"3607","open"
"3608","closed"
"3609","open"
"3610","open"
"3611","open"
"3612","closed"
"3613","open"
"3614","open"
"3615","closed"
"3616","open"
"3617","open"
"3618","open"
"3619","open"
"3620","open"
"3621","open"
"3622","open"
"3623","open"
"3624","open"
"3625","closed"
"3626","open"
"3627","open"
"3628","closed"
"3629","open"
"3630","open"
"3631","open"
"3632","closed"
"3633","closed"
"3634","open"
"3635","open"
"3636","closed"
"3637","open"
"3638","open"
"3639","open"
"3640","open"
"3641","closed"
"3642","open"
"3643","closed"
"3644","open"
"3645","open"
"3646","open"
"3647","open"
"3648","open"
"3649","open"
"3650","open"
"3651","open"
"3652","open"
"3653","open"
"3654","open"
"3655","open"
"3656","open"
"3657","open"
"3658","closed"
"3659","open"
"3660","closed"
"3661","open"
"3662","open"
"3663","open"
"3664","open"
"3665","closed"
"3666","open"
"3667","open"
"3668","open"
"3669","open"
"3670","open"
"3671","open"
"3672","open"
"3673","open"
"3674","open"
"3675","open"
"3676","open"
"3677","open"
"3678","open"
"3679","open"
"3680","closed"
"3681","open"
"3682","closed"
"3683","open"
"3684","closed"
"3685","open"
"3686","open"
"3687","open"
"3688","open"
"3689","closed"
"3690","closed"
"3691","open"
"3692","open"
"3693","closed"
"3694","open"
"3695","open"
"3696","open"
"3697","open"
"3698","open"
"3699","open"
"3700","closed"
"3701","closed"
"3702","open"
"3703","open"
"3704","open"
"3705","open"
"3706","open"
"3707","open"
"3708","closed"
"3709","open"
"3710","open"
"3711","open"
"3712","open"
"3713","open"
"3714","open"
"3715","open"
"3716","open"
"3717","open"
"3718","open"
"3719","open"
"3720","open"
"3721","open"
"3722","open"
"3723","open"
"3724","open"
"3725","open"
"3726","open"
"3727","open"
"3728","open"
"3729","open"
"3730","open"
"3731","open"
"3732","open"
"3733","open"
"3734","open"
"3735","closed"
"3736","open"
"3737","open"
"3738","open"
"3739","open"
"3740","open"
"3741","open"
"3742","closed"
"3743","open"
"3744","open"
"3745","open"
"3746","open"
"3747","open"
"3748","open"
"3749","open"
"3750","open"
"3751","open"
"3752","open"
"3753","open"
"3754","open"
"3755","closed"
"3756","open"
"3757","open"
"3758","open"
"3759","open"
"3760","open"
"3761","open"
"3762","open"
"3763","open"
"3764","open"
"3765","closed"
"3766","open"
"3767","open"
"3768","open"
"3769","open"
"3770","open"
"3771","open"
"3772","open"
"3773","open"
"3774","open"
"3775","open"
"3776","closed"
"3777","open"
"3778","open"
"3779","open"
"3780","closed"
"3781","open"
"3782","open"
"3783","open"
"3784","open"
"3785","open"
"3786","open"
"3787","open"
"3788","open"
"3789","open"
"3790","closed"
"3791","open"
"3792","open"
"3793","closed"
"3794","open"
"3795","open"
"3796","open"
"3797","open"
"3798","open"
"3799","open"
"3800","open"
"3801","open"
"3802","open"
"3803","open"
"3804","open"
"3805","open"
"3806","open"
"3807","open"
"3808","open"
"3809","open"
"3810","open"
"3811","open"
"3812","open"
"3813","open"
"3814","open"
"3815","open"
"3816","open"
"3817","open"
"3818","open"
"3819","closed"
"3820","open"
"3821","open"
"3822","closed"
"3823","closed"
"3824","open"
"3825","closed"
"3826","closed"
"3827","open"
"3828","open"
"3829","open"
"3830","open"
"3831","closed"
"3832","open"
"3833","open"
"3834","open"
"3835","open"
"3836","open"
"3837","open"
"3838","open"
"3839","open"
"3840","closed"
"3841","open"
"3842","open"
"3843","open"
"3844","open"
"3845","closed"
"3846","open"
"3847","open"
"3848","closed"
"3849","open"
"3850","closed"
"3851","open"
"3852","open"
"3853","open"
"3854","open"
"3855","open"
"3856","open"
"3857","open"
"3858","open"
"3859","open"
"3860","open"
"3861","open"
"3862","open"
"3863","open"
"3864","open"
"3865","open"
"3866","open"
"3867","open"
"3868","open"
"3869","open"
"3870","closed"
"3871","closed"
"3872","open"
"3873","open"
"3874","open"
"3875","open"
"3876","closed"
"3877","open"
"3878","open"
"3879","open"
"3880","open"
"3881","open"
"3882","open"
"3883","open"
"3884","open"
"3885","open"
"3886","open"
"3887","open"
"3888","open"
"3889","closed"
"3890","open"
"3891","open"
"3892","open"
"3893","open"
"3894","open"
"3895","open"
"3896","open"
"3897","open"
"3898","open"
"3899","open"
"3900","open"
"3901","closed"
"3902","open"
"3903","open"
"3904","open"
"3905","open"
"3906","open"
"3907","open"
"3908","open"
"3909","open"
"3910","open"
"3911","open"
"3912","closed"
"3913","open"
"3914","open"
"3915","open"
"3916","open"
"3917","closed"
"3918","closed"
"3919","open"
"3920","open"
"3921","open"
"3922","open"
"3923","open"
"3924","open"
"3925","closed"
"3926","open"
"3927","open"
"3928","open"
"3929","open"
"3930","open"
"3931","closed"
"3932","open"
"3933","open"
"3934","open"
"3935","closed"
"3936","closed"
"3937","open"
"3938","open"
"3939","closed"
"3940","open"
"3941","open"
"3942","open"
"3943","open"
"3944","open"
"3945","open"
"3946","open"
"3947","open"
"3948","open"
"3949","open"
"3950","open"
"3951","open"
"3952","closed"
"3953","open"
"3954","open"
"3955","closed"
"3956","open"
"3957","closed"
"3958","open"
"3959","open"
"3960","open"
"3961","open"
"3962","open"
"3963","closed"
"3964","open"
"3965","closed"
"3966","open"
"3967","open"
"3968","open"
"3969","open"
"3970","open"
"3971","open"
"3972","open"
"3973","open"
"3974","open"
"3975","open"
"3976","open"
"3977","open"
"3978","open"
"3979","open"
"3980","open"
"3981","open"
"3982","open"
"3983","open"
"3984","open"
"3985","open"
"3986","open"
"3987","open"
"3988","open"
"3989","open"
"3990","open"
"3991","open"
"3992","open"
"3993","open"
"3994","open"
"3995","open"
"3996","open"
"3997","closed"
"3998","open"
"3999","open"
"4000","open"
"4001","closed"
"4002","open"
"4003","open"
"4004","open"
"4005","open"
"4006","open"
"4007","closed"
"4008","open"
"4009","open"
"4010","closed"
"4011","open"
"4012","open"
"4013","open"
"4014","open"
"4015","closed"
"4016","open"
"4017","open"
"4018","open"
"4019","open"
"4020","open"
"4021","open"
"4022","open"
"4023","open"
"4024","open"
"4025","open"
"4026","open"
"4027","open"
"4028","open"
"4029","open"
"4030","closed"
"4031","open"
"4032","open"
"4033","open"
"4034","open"
"4035","open"
"4036","open"
"4037","open"
"4038","open"
"4039","open"
"4040","open"
"4041","open"
"4042","open"
"4043","open"
"4044","open"
"4045","closed"
"4046","open"
"4047","open"
"4048","open"
"4049","open"
"4050","closed"
"4051","open"
"4052","open"
"4053","open"
"4054","open"
"4055","open"
"4056","closed"
"4057","open"
"4058","open"
"4059","open"
"4060","open"
"4061","open"
"4062","closed"
"4063","open"
"4064","open"
"4065","open"
"4066","open"
"4067","open"
"4068","open"
"4069","open"
"4070","closed"
"4071","open"
"4072","open"
"4073","open"
"4074","open"
"4075","open"
"4076","open"
"4077","open"
"4078","open"
"4079","open"
"4080","open"
"4081","open"
"4082","open"
"4083","open"
"4084","open"
"4085","open"
"4086","open"
"4087","open"
"4088","open"
"4089","open"
"4090","open"
"4091","open"
"4092","open"
"4093","open"
"4094","closed"
"4095","open"
"4096","closed"
"4097","open"
"4098","open"
"4099","open"
"4100","open"
"4101","open"
"4102","open"
"4103","open"
"4104","open"
"4105","open"
"4106","open"
"4107","open"
"4108","open"
"4109","open"
"4110","open"
"4111","open"
"4112","open"
"4113","open"
"4114","open"
"4115","closed"
"4116","open"
"4117","open"
"4118","open"
"4119","open"
"4120","closed"
"4121","open"
"4122","open"
"4123","open"
"4124","open"
"4125","open"
"4126","open"
"4127","open"
"4128","open"
"4129","open"
"4130","closed"
"4131","open"
"4132","open"
"4133","open"
"4134","open"
"4135","closed"
"4136","open"
"4137","open"
"4138","open"
"4139","open"
"4140","open"
"4141","open"
"4142","open"
"4143","open"
"4144","open"
"4145","open"
"4146","open"
"4147","open"
"4148","open"
"4149","open"
"4150","open"
"4151","open"
"4152","open"
"4153","open"
"4154","open"
"4155","open"
"4156","open"
"4157","open"
"4158","open"
"4159","closed"
"4160","open"
"4161","open"
"4162","closed"
"4163","open"
"4164","closed"
"4165","closed"
"4166","open"
"4167","open"
"4168","open"
"4169","open"
"4170","open"
"4171","open"
"4172","open"
"4173","closed"
"4174","open"
"4175","open"
"4176","open"
"4177","open"
"4178","open"
"4179","open"
"4180","open"
"4181","closed"
"4182","open"
"4183","closed"
"4184","open"
"4185","open"
"4186","open"
"4187","closed"
"4188","closed"
"4189","open"
"4190","open"
"4191","open"
"4192","open"
"4193","open"
"4194","open"
"4195","open"
"4196","open"
"4197","open"
"4198","open"
"4199","open"
"4200","open"
"4201","open"
"4202","closed"
"4203","open"
"4204","open"
"4205","open"
"4206","open"
"4207","open"
"4208","open"
"4209","open"
"4210","open"
"4211","closed"
"4212","open"
"4213","open"
"4214","closed"
"4215","open"
"4216","closed"
"4217","open"
"4218","open"
"4219","closed"
"4220","closed"
"4221","closed"
"4222","open"
"4223","open"
"4224","open"
"4225","open"
"4226","open"
"4227","open"
"4228","open"
"4229","open"
"4230","open"
"4231","closed"
"4232","open"
"4233","open"
"4234","open"
"4235","open"
"4236","closed"
"4237","open"
"4238","open"
"4239","open"
"4240","open"
"4241","open"
"4242","open"
"4243","open"
"4244","open"
"4245","open"
"4246","open"
"4247","open"
"4248","open"
"4249","open"
"4250","closed"
"4251","open"
"4252","open"
"4253","open"
"4254","open"
"4255","open"
"4256","open"
"4257","open"
"4258","open"
"4259","open"
"4260","open"
"4261","closed"
"4262","closed"
"4263","open"
"4264","open"
"4265","open"
"4266","open"
"4267","open"
"4268","open"
"4269","open"
"4270","open"
"4271","open"
"4272","open"
"4273","open"
"4274","open"
"4275","open"
"4276","open"
"4277","open"
"4278","closed"
"4279","open"
"4280","open"
"4281","open"
"4282","open"
"4283","open"
"4284","closed"
"4285","open"
"4286","open"
"4287","open"
"4288","closed"
"4289","open"
"4290","closed"
"4291","open"
"4292","open"
"4293","open"
"4294","open"
"4295","open"
"4296","open"
"4297","open"
"4298","closed"
"4299","open"
"4300","open"
"4301","closed"
"4302","open"
"4303","open"
"4304","closed"
"4305","open"
"4306","open"
"4307","open"
"4308","open"
"4309","open"
"4310","open"
"4311","closed"
"4312","open"
"4313","open"
"4314","open"
"4315","open"
"4316","open"
"4317","closed"
"4318","open"
"4319","open"
"4320","open"
"4321","open"
"4322","open"
"4323","open"
"4324","open"
"4325","closed"
"4326","open"
"4327","open"
"4328","open"
"4329","closed"
"4330","open"
"4331","open"
"4332","open"
"4333","open"
"4334","open"
"4335","closed"
"4336","open"
"4337","open"
"4338","open"
"4339","open"
"4340","open"
"4341","open"
"4342","closed"
"4343","open"
"4344","closed"
"4345","open"
"4346","open"
"4347","open"
"4348","closed"
"4349","open"
"4350","open"
"4351","open"
"4352","open"
"4353","open"
"4354","open"
"4355","open"
"4356","closed"
"4357","open"
"4358","open"
"4359","open"
"4360","open"
"4361","open"
"4362","closed"
"4363","open"
"4364","open"
"4365","open"
"4366","open"
"4367","open"
"4368","open"
"4369","open"
"4370","open"
"4371","open"
"4372","open"
"4373","open"
"4374","open"
"4375","open"
"4376","open"
"4377","open"
"4378","open"
"4379","closed"
"4380","closed"
"4381","open"
"4382","open"
"4383","closed"
"4384","open"
"4385","open"
"4386","closed"
"4387","closed"
"4388","open"
"4389","open"
"4390","open"
"4391","open"
"4392","open"
"4393","open"
"4394","open"
"4395","closed"
"4396","open"
"4397","open"
"4398","open"
"4399","open"
"4400","open"
"4401","open"
"4402","open"
"4403","open"
"4404","open"
"4405","open"
"4406","open"
"4407","open"
"4408","closed"
"4409","open"
"4410","open"
"4411","open"
"4412","open"
"4413","open"
"4414","open"
"4415","open"
"4416","open"
"4417","open"
"4418","open"
"4419","open"
"4420","open"
"4421","open"
"4422","open"
"4423","open"
"4424","open"
"4425","open"
"4426","open"
"4427","open"
"4428","open"
"4429","open"
"4430","open"
"4431","open"
"4432","open"
"4433","open"
"4434","open"
"4435","open"
"4436","open"
"4437","closed"
"4438","open"
"4439","open"
"4440","open"
"4441","open"
"4442","open"
"4443","open"
"4444","open"
"4445","open"
"4446","open"
"4447","open"
"4448","closed"
"4449","open"
"4450","open"
"4451","open"
"4452","closed"
"4453","open"
"4454","open"
"4455","open"
"4456","open"
"4457","open"
"4458","open"
"4459","open"
"4460","open"
"4461","closed"
"4462","open"
"4463","open"
"4464","open"
"4465","open"
"4466","open"
"4467","open"
"4468","open"
"4469","open"
"4470","open"
"4471","open"
"4472","open"
"4473","closed"
"4474","open"
"4475","open"
"4476","open"
"4477","open"
"4478","open"
"4479","open"
"4480","open"
"4481","open"
"4482","open"
"4483","open"
"4484","open"
"4485","open"
"4486","open"
"4487","open"
"4488","open"
"4489","open"
"4490","open"
"4491","open"
"4492","open"
"4493","open"
"4494","open"
"4495","open"
"4496","closed"
"4497","open"
"4498","open"
"4499","open"
"4500","closed"
"4501","open"
"4502","open"
"4503","closed"
"4504","open"
"4505","open"
"4506","open"
"4507","open"
"4508","open"
"4509","open"
"4510","closed"
"4511","closed"
"4512","open"
"4513","open"
"4514","open"
"4515","open"
"4516","open"
"4517","closed"
"4518","open"
"4519","open"
"4520","open"
"4521","open"
"4522","closed"
"4523","open"
"4524","open"
"4525","open"
"4526","open"
"4527","open"
"4528","open"
"4529","open"
"4530","closed"
"4531","open"
"4532","open"
"4533","closed"
"4534","open"
"4535","open"
"4536","open"
"4537","closed"
"4538","open"
"4539","open"
"4540","open"
"4541","open"
"4542","open"
"4543","open"
"4544","open"
"4545","open"
"4546","open"
"4547","open"
"4548","open"
"4549","open"
"4550","open"
"4551","open"
"4552","open"
"4553","open"
"4554","open"
"4555","open"
"4556","open"
"4557","open"
"4558","closed"
"4559","open"
"4560","open"
"4561","open"
"4562","open"
"4563","open"
"4564","open"
"4565","open"
"4566","open"
"4567","open"
"4568","closed"
"4569","open"
"4570","open"
"4571","open"
"4572","open"
"4573","open"
"4574","open"
"4575","closed"
"4576","open"
"4577","open"
"4578","open"
"4579","open"
"4580","open"
"4581","open"
"4582","closed"
"4583","open"
"4584","open"
"4585","open"
"4586","open"
"4587","open"
"4588","closed"
"4589","open"
"4590","open"
"4591","open"
"4592","open"
"4593","open"
"4594","open"
"4595","open"
"4596","open"
"4597","open"
"4598","open"
"4599","open"
"4600","open"
"4601","open"
"4602","open"
"4603","open"
"4604","open"
"4605","open"
"4606","open"
"4607","open"
"4608","open"
"4609","open"
"4610","open"
"4611","open"
"4612","open"
"4613","open"
"4614","open"
"4615","open"
"4616","closed"
"4617","open"
"4618","open"
"4619","open"
"4620","open"
"4621","open"
"4622","open"
"4623","open"
"4624","open"
"4625","open"
"4626","open"
"4627","open"
"4628","open"
"4629","closed"
"4630","open"
"4631","open"
"4632","open"
"4633","open"
"4634","open"
"4635","closed"
"4636","open"
"4637","open"
"4638","closed"
"4639","closed"
"4640","open"
"4641","open"
"4642","open"
"4643","open"
"4644","open"
"4645","open"
"4646","open"
"4647","open"
"4648","open"
"4649","open"
"4650","open"
"4651","open"
"4652","open"
"4653","open"
"4654","open"
"4655","open"
"4656","open"
"4657","open"
"4658","open"
"4659","open"
"4660","open"
"4661","open"
"4662","open"
"4663","closed"
"4664","open"
"4665","open"
"4666","open"
"4667","closed"
"4668","closed"
"4669","open"
"4670","closed"
"4671","open"
"4672","open"
"4673","open"
"4674","open"
"4675","closed"
"4676","closed"
"4677","open"
"4678","open"
"4679","open"
"4680","open"
"4681","open"
"4682","open"
"4683","open"
"4684","open"
"4685","open"
"4686","open"
"4687","open"
"4688","open"
"4689","closed"
"4690","open"
"4691","open"
"4692","open"
"4693","open"
"4694","open"
"4695","open"
"4696","open"
"4697","open"
"4698","open"
"4699","open"
"4700","open"
"4701","open"
"4702","open"
"4703","open"
"4704","open"
"4705","open"
"4706","closed"
"4707","open"
"4708","open"
"4709","open"
"4710","closed"
"4711","open"
"4712","open"
"4713","open"
"4714","open"
"4715","open"
"4716","open"
"4717","closed"
"4718","closed"
"4719","closed"
"4720","open"
"4721","open"
"4722","open"
"4723","open"
"4724","open"
"4725","open"
"4726","open"
"4727","open"
"4728","closed"
"4729","open"
"4730","open"
"4731","open"
"4732","open"
"4733","open"
"4734","open"
"4735","open"
"4736","open"
"4737","open"
"4738","open"
"4739","open"
"4740","open"
"4741","open"
"4742","open"
"4743","closed"
"4744","open"
"4745","open"
"4746","open"
"4747","open"
"4748","open"
"4749","open"
"4750","closed"
"4751","open"
"4752","closed"
"4753","open"
"4754","open"
"4755","open"
"4756","open"
"4757","open"
"4758","open"
"4759","open"
"4760","open"
"4761","closed"
"4762","open"
"4763","open"
"4764","closed"
"4765","open"
"4766","open"
"4767","open"
"4768","open"
"4769","open"
"4770","closed"
"4771","open"
"4772","open"
"4773","open"
"4774","open"
"4775","closed"
"4776","open"
"4777","open"
"4778","closed"
"4779","open"
"4780","open"
"4781","closed"
"4782","open"
"4783","open"
"4784","open"
"4785","open"
"4786","open"
"4787","closed"
"4788","open"
"4789","open"
"4790","open"
"4791","open"
"4792","open"
"4793","open"
"4794","closed"
"4795","open"
"4796","open"
"4797","open"
"4798","closed"
"4799","closed"
"4800","open"
"4801","open"
"4802","closed"
"4803","open"
"4804","open"
"4805","open"
"4806","open"
"4807","open"
"4808","open"
"4809","open"
"4810","open"
"4811","open"
"4812","open"
"4813","open"
"4814","open"
"4815","closed"
"4816","open"
"4817","open"
"4818","open"
"4819","open"
"4820","closed"
"4821","open"
"4822","open"
"4823","open"
"4824","open"
"4825","open"
"4826","open"
"4827","open"
"4828","open"
"4829","open"
"4830","open"
"4831","closed"
"4832","open"
"4833","open"
"4834","closed"
"4835","closed"
"4836","open"
"4837","open"
"4838","open"
"4839","open"
"4840","open"
"4841","open"
"4842","closed"
"4843","open"
"4844","open"
"4845","open"
"4846","open"
"4847","closed"
"4848","closed"
"4849","open"
"4850","open"
"4851","open"
"4852","open"
"4853","open"
"4854","closed"
"4855","open"
"4856","open"
"4857","open"
"4858","open"
"4859","open"
"4860","open"
"4861","open"
"4862","open"
"4863","open"
"4864","open"
"4865","open"
"4866","open"
"4867","open"
"4868","open"
"4869","open"
"4870","open"
"4871","open"
"4872","open"
"4873","open"
"4874","open"
"4875","closed"
"4876","open"
"4877","closed"
"4878","open"
"4879","open"
"4880","open"
"4881","open"
"4882","open"
"4883","closed"
"4884","closed"
"4885","open"
"4886","open"
"4887","open"
"4888","open"
"4889","open"
"4890","open"
"4891","open"
"4892","open"
"4893","open"
"4894","open"
"4895","closed"
"4896","open"
"4897","open"
"4898","open"
"4899","closed"
"4900","open"
"4901","open"
"4902","open"
"4903","open"
"4904","open"
"4905","open"
"4906","open"
"4907","open"
"4908","open"
"4909","open"
"4910","open"
"4911","open"
"4912","closed"
"4913","open"
"4914","open"
"4915","open"
"4916","open"
"4917","open"
"4918","open"
"4919","open"
"4920","open"
"4921","open"
"4922","open"
"4923","closed"
"4924","open"
"4925","closed"
"4926","open"
"4927","open"
"4928","closed"
"4929","open"
"4930","open"
"4931","open"
"4932","open"
"4933","open"
"4934","open"
"4935","open"
"4936","open"
"4937","open"
"4938","open"
"4939","open"
"4940","open"
"4941","open"
"4942","open"
"4943","closed"
"4944","open"
"4945","open"
"4946","closed"
"4947","open"
"4948","open"
"4949","open"
"4950","open"
"4951","open"
"4952","open"
"4953","open"
"4954","open"
"4955","open"
"4956","closed"
"4957","open"
"4958","open"
"4959","open"
"4960","open"
"4961","open"
"4962","open"
"4963","open"
"4964","closed"
"4965","open"
"4966","open"
"4967","open"
"4968","open"
"4969","open"
"4970","open"
"4971","open"
"4972","open"
"4973","open"
"4974","open"
"4975","open"
"4976","closed"
"4977","open"
"4978","open"
"4979","open"
"4980","open"
"4981","open"
"4982","open"
"4983","open"
"4984","open"
"4985","open"
"4986","open"
"4987","open"
"4988","open"
"4989","open"
"4990","open"
"4991","open"
"4992","open"
"4993","open"
"4994","open"
"4995","open"
"4996","open"
"4997","open"
"4998","open"
"4999","open"
"5000","open"
"5001","open"
"5002","open"
"5003","open"
"5004","open"
"5005","open"
"5006","open"
"5007","open"
"5008","open"
"5009","open"
"5010","open"
"5011","open"
"5012","open"
"5013","open"
"5014","open"
"5015","open"
"5016","closed"
"5017","open"
"5018","open"
"5019","open"
"5020","open"
"5021","open"
"5022","open"
"5023","closed"
"5024","closed"
"5025","closed"
"5026","open"
"5027","open"
"5028","open"
"5029","closed"
"5030","open"
"5031","open"
"5032","closed"
"5033","open"
"5034","open"
"5035","open"
"5036","open"
"5037","open"
"5038","open"
"5039","open"
"5040","open"
"5041","open"
"5042","open"
"5043","open"
"5044","open"
"5045","open"
"5046","open"
"5047","open"
"5048","open"
"5049","open"
"5050","open"
"5051","open"
"5052","open"
"5053","open"
"5054","open"
"5055","open"
"5056","open"
"5057","closed"
"5058","open"
"5059","open"
"5060","open"
"5061","open"
"5062","open"
"5063","open"
